1,Arts_and_Entertainment,Animation_and_Comics
2,Arts_and_Entertainment,Architecture
3,Arts_and_Entertainment,Awards
4,Arts_and_Entertainment,Celebrities_and_Entertainment_News
5,Arts_and_Entertainment,Fashion_and_Modeling
6,Arts_and_Entertainment,Humor
7,Arts_and_Entertainment,Movies
8,Arts_and_Entertainment,Music_and_Audio
9,Arts_and_Entertainment,Performing_Arts
10,Arts_and_Entertainment,Photography
11,Arts_and_Entertainment,TV_and_Video
12,Arts_and_Entertainment,Visual_Arts_and_Design
13,Autos_and_Vehicles,Automotive_Industry
14,Autos_and_Vehicles,Automotive_News
15,Autos_and_Vehicles,Aviation
16,Autos_and_Vehicles,Boating
17,Autos_and_Vehicles,Car_Buying
18,Autos_and_Vehicles,Car_Rentals
19,Autos_and_Vehicles,Makes_and_Models
20,Autos_and_Vehicles,Motorcycles
21,Autos_and_Vehicles,Motorsports
22,Autos_and_Vehicles,Trains_and_Railroads
23,Beauty_and_Fitness,Beauty
24,Beauty_and_Fitness,Bodyart
25,Beauty_and_Fitness,Cosmetics
26,Beauty_and_Fitness,Fitness
27,Beauty_and_Fitness,Hair
28,Beauty_and_Fitness,Skin_Care
29,Beauty_and_Fitness,Weight_Loss
30,Books_and_Literature,Book_Retailers
31,Books_and_Literature,E_Books
32,Books_and_Literature,Folklore
33,Books_and_Literature,Guides_and_Reviews
34,Business_and_Industry,Aerospace_and_Defence
35,Business_and_Industry,Agriculture_and_Forestry
36,Business_and_Industry,Associations
37,Business_and_Industry,Biotechnology_and_Pharmaceuticals
38,Business_and_Industry,Business_Services
39,Business_and_Industry,Chemicals
40,Business_and_Industry,Construction_and_Maintenance
41,Business_and_Industry,Customer_Service
42,Business_and_Industry,E_Commerce
43,Business_and_Industry,Energy
44,Business_and_Industry,Industrial_Goods_and_Services
45,Business_and_Industry,Marketing_and_Advertising
46,Business_and_Industry,Metals_and_Mining
47,Business_and_Industry,Publishing_and_Printing
48,Business_and_Industry,Real_Estate
49,Business_and_Industry,Textiles_and_Nonwovens
50,Business_and_Industry,Transportation_and_Logistics
51,Business_and_Industry,Wholesale_Trade
52,Career_and_Education,Business_Training
53,Career_and_Education,Education
54,Career_and_Education,Human_Resources
55,Career_and_Education,Jobs_and_Employment
56,Career_and_Education,Universities_and_Colleges
57,Computer_and_Electronics,Computer_Hardware
58,Computer_and_Electronics,Computer_Security
59,Computer_and_Electronics,Consumer_Electronics
60,Computer_and_Electronics,Graphics_and_Multimedia_Tools
61,Computer_and_Electronics,Networking
62,Computer_and_Electronics,Programming
63,Computer_and_Electronics,Software
64,Finance,Accounting
65,Finance,Banking
66,Finance,Credit_Loans_and_Mortgages
67,Finance,Financial_Management
68,Finance,Grants_and_Scholarships
69,Finance,Insurance
70,Finance,Investing
71,Food_and_Drink,Beverages
72,Food_and_Drink,Catering
73,Food_and_Drink,Cooking_and_Recipes
74,Food_and_Drink,Food_and_Grocery_Retailers
75,Food_and_Drink,Restaurants_and_Delivery
76,Food_and_Drink,Vegetarian_and_Vegan
77,Gambling,Bingo
78,Gambling,Casinos
79,Gambling,Lottery
80,Gambling,Poker
81,Gambling,Regulation_and_Organizations
82,Gambling,Sports
83,Games,Board_and_Card_Games
84,Games,Miniatures
85,Games,Online
86,Games,Puzzles_and_Brainteasers
87,Games,Roleplaying
88,Games,Video_Games
89,Health,Addictions
90,Health,Alternative_and_Natural_Medicine
91,Health,Child_Health
92,Health,Conditions_and_Diseases
93,Health,Dentistry
94,Health,Education_and_Resources
95,Health,Healthcare_Industry
96,Health,Medicine
97,Health,Mens_Health
98,Health,Mental_Health
99,Health,Nutrition
100,Health,Pharmacy
101,Health,Products_and_Shopping
102,Health,Public_Health_and_Safety
103,Health,Reproductive_Health
104,Health,Senior_Health
105,Health,Womens_Health
106,Home_and_Garden,Gardening
107,Home_and_Garden,Home_Improvement
108,Home_and_Garden,Interior_Decor
109,Home_and_Garden,Moving_and_Relocating
110,Home_and_Garden,Nursery_and_Playroom
111,Internet_and_Telecom,Ad_Network
112,Internet_and_Telecom,Chats_and_Forums
113,Internet_and_Telecom,Domain_Names_and_Register
114,Internet_and_Telecom,Email
115,Internet_and_Telecom,File_Sharing
116,Internet_and_Telecom,Mobile_Developers
117,Internet_and_Telecom,Online_Marketing
118,Internet_and_Telecom,Search_Engine
119,Internet_and_Telecom,Social_Network
120,Internet_and_Telecom,Telecommunications
121,Internet_and_Telecom,Web_Design
122,Internet_and_Telecom,Web_Hosting
123,Law_and_Government,Government
124,Law_and_Government,Immigration_and_Visas
125,Law_and_Government,Law
126,Law_and_Government,Military_and_Defense
127,News_and_Media,Business_News
128,News_and_Media,College_and_University_Press
129,News_and_Media,Magazines_and_E-Zines
130,News_and_Media,Newspapers
131,News_and_Media,Sports_News
132,News_and_Media,Technology_News
133,News_and_Media,Weather
134,People_and_Society,Crime_and_Prosecution
135,People_and_Society,Death
136,People_and_Society,Disabled_and_Special_Needs
137,People_and_Society,Gay_Lesbian_and_Bisexual
138,People_and_Society,Genealogy
139,People_and_Society,History
140,People_and_Society,Holidays
141,People_and_Society,Philanthropy
142,People_and_Society,Philosophy
143,People_and_Society,Relationships_and_Dating
144,People_and_Society,Religion_and_Spirituality
145,People_and_Society,Womens_Interests
146,Pets_and_Animals,Animal_Products_and_Service
147,Pets_and_Animals,Birds
148,Pets_and_Animals,Fish_and_Aquaria
149,Pets_and_Animals,Horses
150,Pets_and_Animals,Pets
151,Recreation_and_Hobbies,Antiques
152,Recreation_and_Hobbies,Camps
153,Recreation_and_Hobbies,Climbing
154,Recreation_and_Hobbies,Collecting
155,Recreation_and_Hobbies,Crafts
156,Recreation_and_Hobbies,Models
157,Recreation_and_Hobbies,Nudism
158,Recreation_and_Hobbies,Outdoors
159,Recreation_and_Hobbies,Scouting
160,Recreation_and_Hobbies,Theme_Parks
161,Recreation_and_Hobbies,Tobacco
162,Recreation_and_Hobbies,Weapons
163,Reference,Archives
164,Reference,Ask_an_Expert
165,Reference,Dictionaries_and_Encyclopedias
166,Reference,Directories
167,Reference,Libraries_and_Museums
168,Reference,Maps
169,Science,Agriculture
170,Science,Astronomy
171,Science,Biology
172,Science,Chemistry
173,Science,Earth_Sciences
174,Science,Educational_Resources
175,Science,Engineering_and_Technology
176,Science,Environment
177,Science,Instruments_and_Supplies
178,Science,Math
179,Science,Physics
180,Science,Social_Sciences
181,Shopping,Antiques_and_Collectibles
182,Shopping,Auctions
183,Shopping,Children
184,Shopping,Classifieds
185,Shopping,Clothing
186,Shopping,Consumer_Electronics
187,Shopping,Coupons
188,Shopping,Ethnic_and_Regional
189,Shopping,Flowers
190,Shopping,Furniture
191,Shopping,General_Merchandise
192,Shopping,Gifts
193,Shopping,Home_and_Garden
194,Shopping,Jewelry
195,Shopping,Music
196,Shopping,Office_Products
197,Shopping,Publications
198,Shopping,Sports
199,Shopping,Weddings
200,Sports,Baseball
201,Sports,Basketball
202,Sports,Boxing
203,Sports,Cycling_and_Biking
204,Sports,Equestrian
205,Sports,Extreme_Sports
206,Sports,Fantasy_Sports
207,Sports,Fishing
208,Sports,Football
209,Sports,Golf
210,Sports,Martial_Arts
211,Sports,Rugby
212,Sports,Running
213,Sports,Soccer
214,Sports,Tennis
215,Sports,Volleyball
216,Sports,Water_Sports
217,Sports,Winter_Sports
218,Travel,Accommodation_and_Hotels
219,Travel,Airlines_and_Airports
220,Travel,Roads_and_Highways
221,Travel,Tourism
222,Adult,Adult
223,Arts_and_Entertainment,Arts_and_Entertainment
224,Autos_and_Vehicles,Autos_and_Vehicles
225,Beauty_and_Fitness,Beauty_and_Fitness
226,Books_and_Literature,Books_and_Literature
227,Business_and_Industry,Business_and_Industry
228,Career_and_Education,Career_and_Education
229,Computer_and_Electronics,Computer_and_Electronics
230,Finance,Finance
231,Food_and_Drink,Food_and_Drink
232,Gambling,Gambling
233,Games,Games
234,Health,Health
235,Home_and_Garden,Home_and_Garden
236,Internet_and_Telecom,Internet_and_Telecom
237,Law_and_Government,Law_and_Government
238,News_and_Media,News_and_Media
239,People_and_Society,People_and_Society
240,Pets_and_Animals,Pets_and_Animals
241,Recreation_and_Hobbies,Recreation_and_Hobbies
242,Reference,Reference
243,Science,Science
244,Shopping,Shopping
245,Sports,Sports
246,Travel,Travel
247,Unknown,Unknown
248,Blocked,Blocked
249,404,404
250,E-Books,E-Books
251,E-Commerce,E-Commerce
